layout,S,H,D,head_start,heads_processed,trial,iterations,ns_per_call,max_abs_error,seed,cache_mode
HSD,128,1,64,0,1,0,8192,2459.29968262,1.18690657303e-06,0,repeated_buffer
SHD,128,1,64,0,1,0,8192,2451.24816895,1.18690657303e-06,0,repeated_buffer
DSH,128,1,64,0,1,0,8192,4463.25170898,1.1292546418e-06,0,repeated_buffer
HSD,128,1,64,0,1,1,8192,2650.34997559,1.18690657303e-06,0,repeated_buffer
SHD,128,1,64,0,1,1,8192,2454.51855469,1.18690657303e-06,0,repeated_buffer
DSH,128,1,64,0,1,1,8192,7611.36877441,1.1292546418e-06,0,repeated_buffer
DSH,128,1,64,0,1,2,8192,4474.62463379,1.1292546418e-06,0,repeated_buffer
HSD,128,1,64,0,1,2,8192,2458.29260254,1.18690657303e-06,0,repeated_buffer
SHD,128,1,64,0,1,2,8192,2474.08044434,1.18690657303e-06,0,repeated_buffer
DSH,128,1,64,0,1,3,8192,4515.01977539,1.1292546418e-06,0,repeated_buffer
HSD,128,1,64,0,1,3,8192,2465.52526855,1.18690657303e-06,0,repeated_buffer
SHD,128,1,64,0,1,3,8192,2484.54797363,1.18690657303e-06,0,repeated_buffer
DSH,128,1,64,0,1,4,8192,4579.55932617,1.1292546418e-06,0,repeated_buffer
HSD,128,1,64,0,1,4,8192,2464.49279785,1.18690657303e-06,0,repeated_buffer
SHD,128,1,64,0,1,4,8192,2489.44592285,1.18690657303e-06,0,repeated_buffer
DSH,128,1,64,0,1,5,8192,4488.01672363,1.1292546418e-06,0,repeated_buffer
HSD,128,1,64,0,1,5,8192,2462.82958984,1.18690657303e-06,0,repeated_buffer
SHD,128,1,64,0,1,5,8192,2472.74279785,1.18690657303e-06,0,repeated_buffer
SHD,128,1,64,0,1,6,8192,2513.76843262,1.18690657303e-06,0,repeated_buffer
HSD,128,1,64,0,1,6,8192,2452.35192871,1.18690657303e-06,0,repeated_buffer
DSH,128,1,64,0,1,6,8192,4554.84521484,1.1292546418e-06,0,repeated_buffer
HSD,128,1,64,0,1,7,8192,2466.27307129,1.18690657303e-06,0,repeated_buffer
DSH,128,1,64,0,1,7,8192,4522.61853027,1.1292546418e-06,0,repeated_buffer
SHD,128,1,64,0,1,7,8192,2465.80505371,1.18690657303e-06,0,repeated_buffer
HSD,128,1,64,0,1,8,8192,2471.75085449,1.18690657303e-06,0,repeated_buffer
SHD,128,1,64,0,1,8,8192,2452.33154297,1.18690657303e-06,0,repeated_buffer
DSH,128,1,64,0,1,8,8192,4472.63085938,1.1292546418e-06,0,repeated_buffer
HSD,128,1,64,0,1,9,8192,2467.62084961,1.18690657303e-06,0,repeated_buffer
DSH,128,1,64,0,1,9,8192,4563.29345703,1.1292546418e-06,0,repeated_buffer
SHD,128,1,64,0,1,9,8192,2476.03857422,1.18690657303e-06,0,repeated_buffer
DSH,128,1,128,0,1,0,2048,11854.4511719,4.95787844557e-06,0,repeated_buffer
HSD,128,1,128,0,1,0,4096,6907.67431641,4.00420412916e-06,0,repeated_buffer
SHD,128,1,128,0,1,0,4096,6896.85058594,4.00420412916e-06,0,repeated_buffer
HSD,128,1,128,0,1,1,4096,6905.85327148,4.00420412916e-06,0,repeated_buffer
DSH,128,1,128,0,1,1,2048,11825.8056641,4.95787844557e-06,0,repeated_buffer
SHD,128,1,128,0,1,1,4096,6915.96484375,4.00420412916e-06,0,repeated_buffer
DSH,128,1,128,0,1,2,2048,11833.0688477,4.95787844557e-06,0,repeated_buffer
SHD,128,1,128,0,1,2,4096,6919.58618164,4.00420412916e-06,0,repeated_buffer
HSD,128,1,128,0,1,2,4096,6879.74047852,4.00420412916e-06,0,repeated_buffer
SHD,128,1,128,0,1,3,4096,6857.1472168,4.00420412916e-06,0,repeated_buffer
DSH,128,1,128,0,1,3,2048,11821.7973633,4.95787844557e-06,0,repeated_buffer
HSD,128,1,128,0,1,3,4096,6838.33837891,4.00420412916e-06,0,repeated_buffer
HSD,128,1,128,0,1,4,4096,6861.00244141,4.00420412916e-06,0,repeated_buffer
SHD,128,1,128,0,1,4,4096,6881.16455078,4.00420412916e-06,0,repeated_buffer
DSH,128,1,128,0,1,4,2048,11882.2226562,4.95787844557e-06,0,repeated_buffer
SHD,128,1,128,0,1,5,4096,6864.30883789,4.00420412916e-06,0,repeated_buffer
DSH,128,1,128,0,1,5,2048,11984.7001953,4.95787844557e-06,0,repeated_buffer
HSD,128,1,128,0,1,5,4096,6915.38500977,4.00420412916e-06,0,repeated_buffer
DSH,128,1,128,0,1,6,2048,11817.199707,4.95787844557e-06,0,repeated_buffer
SHD,128,1,128,0,1,6,4096,6906.12792969,4.00420412916e-06,0,repeated_buffer
HSD,128,1,128,0,1,6,4096,6900.62475586,4.00420412916e-06,0,repeated_buffer
HSD,128,1,128,0,1,7,4096,6908.66088867,4.00420412916e-06,0,repeated_buffer
SHD,128,1,128,0,1,7,4096,6904.33764648,4.00420412916e-06,0,repeated_buffer
DSH,128,1,128,0,1,7,2048,11864.1152344,4.95787844557e-06,0,repeated_buffer
DSH,128,1,128,0,1,8,2048,11819.7631836,4.95787844557e-06,0,repeated_buffer
HSD,128,1,128,0,1,8,4096,6908.91503906,4.00420412916e-06,0,repeated_buffer
SHD,128,1,128,0,1,8,4096,6893.53417969,4.00420412916e-06,0,repeated_buffer
SHD,128,1,128,0,1,9,4096,6985.37182617,4.00420412916e-06,0,repeated_buffer
HSD,128,1,128,0,1,9,4096,7002.83813477,4.00420412916e-06,0,repeated_buffer
DSH,128,1,128,0,1,9,2048,11806.8032227,4.95787844557e-06,0,repeated_buffer
SHD,128,32,64,16,1,0,8192,2567.66760254,1.08839121538e-06,0,repeated_buffer
HSD,128,32,64,16,1,0,8192,2450.64294434,1.08839121538e-06,0,repeated_buffer
DSH,128,32,64,16,1,0,4096,6134.27734375,1.11687002402e-06,0,repeated_buffer
DSH,128,32,64,16,1,1,4096,6215.16918945,1.11687002402e-06,0,repeated_buffer
HSD,128,32,64,16,1,1,8192,2454.14221191,1.08839121538e-06,0,repeated_buffer
SHD,128,32,64,16,1,1,8192,2602.09143066,1.08839121538e-06,0,repeated_buffer
HSD,128,32,64,16,1,2,8192,2450.7598877,1.08839121538e-06,0,repeated_buffer
SHD,128,32,64,16,1,2,8192,2573.90856934,1.08839121538e-06,0,repeated_buffer
DSH,128,32,64,16,1,2,4096,6014.6484375,1.11687002402e-06,0,repeated_buffer
DSH,128,32,64,16,1,3,4096,6011.67797852,1.11687002402e-06,0,repeated_buffer
HSD,128,32,64,16,1,3,8192,2448.16589355,1.08839121538e-06,0,repeated_buffer
SHD,128,32,64,16,1,3,8192,2570.8770752,1.08839121538e-06,0,repeated_buffer
HSD,128,32,64,16,1,4,8192,2467.19873047,1.08839121538e-06,0,repeated_buffer
SHD,128,32,64,16,1,4,8192,2603.14440918,1.08839121538e-06,0,repeated_buffer
DSH,128,32,64,16,1,4,4096,6214.04003906,1.11687002402e-06,0,repeated_buffer
DSH,128,32,64,16,1,5,4096,6223.99902344,1.11687002402e-06,0,repeated_buffer
HSD,128,32,64,16,1,5,8192,2447.39282227,1.08839121538e-06,0,repeated_buffer
SHD,128,32,64,16,1,5,8192,2602.92053223,1.08839121538e-06,0,repeated_buffer
HSD,128,32,64,16,1,6,8192,2454.44238281,1.08839121538e-06,0,repeated_buffer
SHD,128,32,64,16,1,6,8192,2601.35913086,1.08839121538e-06,0,repeated_buffer
DSH,128,32,64,16,1,6,4096,6211.66992188,1.11687002402e-06,0,repeated_buffer
DSH,128,32,64,16,1,7,4096,6206.2175293,1.11687002402e-06,0,repeated_buffer
SHD,128,32,64,16,1,7,8192,2607.01501465,1.08839121538e-06,0,repeated_buffer
HSD,128,32,64,16,1,7,8192,2448.66943359,1.08839121538e-06,0,repeated_buffer
HSD,128,32,64,16,1,8,8192,2452.95214844,1.08839121538e-06,0,repeated_buffer
SHD,128,32,64,16,1,8,8192,2606.66918945,1.08839121538e-06,0,repeated_buffer
DSH,128,32,64,16,1,8,4096,6016.83544922,1.11687002402e-06,0,repeated_buffer
HSD,128,32,64,16,1,9,8192,2458.12487793,1.08839121538e-06,0,repeated_buffer
SHD,128,32,64,16,1,9,8192,2567.45910645,1.08839121538e-06,0,repeated_buffer
DSH,128,32,64,16,1,9,4096,6015.44189453,1.11687002402e-06,0,repeated_buffer
DSH,128,32,128,16,1,0,2048,13646.0571289,2.61721359607e-06,0,repeated_buffer
SHD,128,32,128,16,1,0,4096,6936.01489258,2.61721359607e-06,0,repeated_buffer
HSD,128,32,128,16,1,0,4096,6916.73779297,2.61721359607e-06,0,repeated_buffer
SHD,128,32,128,16,1,1,4096,7375.51879883,2.61721359607e-06,0,repeated_buffer
DSH,128,32,128,16,1,1,2048,13534.953125,2.61721359607e-06,0,repeated_buffer
HSD,128,32,128,16,1,1,4096,7016.35742188,2.61721359607e-06,0,repeated_buffer
SHD,128,32,128,16,1,2,4096,6974.26367188,2.61721359607e-06,0,repeated_buffer
HSD,128,32,128,16,1,2,4096,6948.20166016,2.61721359607e-06,0,repeated_buffer
DSH,128,32,128,16,1,2,2048,13932.71875,2.61721359607e-06,0,repeated_buffer
HSD,128,32,128,16,1,3,4096,6902.29296875,2.61721359607e-06,0,repeated_buffer
DSH,128,32,128,16,1,3,2048,13735.7177734,2.61721359607e-06,0,repeated_buffer
SHD,128,32,128,16,1,3,4096,7024.34277344,2.61721359607e-06,0,repeated_buffer
HSD,128,32,128,16,1,4,4096,6869.140625,2.61721359607e-06,0,repeated_buffer
DSH,128,32,128,16,1,4,2048,13667.4804688,2.61721359607e-06,0,repeated_buffer
SHD,128,32,128,16,1,4,4096,6980.3059082,2.61721359607e-06,0,repeated_buffer
SHD,128,32,128,16,1,5,4096,6936.98120117,2.61721359607e-06,0,repeated_buffer
DSH,128,32,128,16,1,5,2048,14084.1064453,2.61721359607e-06,0,repeated_buffer
HSD,128,32,128,16,1,5,4096,6970.14355469,2.61721359607e-06,0,repeated_buffer
DSH,128,32,128,16,1,6,2048,13567.2807617,2.61721359607e-06,0,repeated_buffer
HSD,128,32,128,16,1,6,4096,6837.74804688,2.61721359607e-06,0,repeated_buffer
SHD,128,32,128,16,1,6,4096,6911.68212891,2.61721359607e-06,0,repeated_buffer
SHD,128,32,128,16,1,7,4096,6931.32543945,2.61721359607e-06,0,repeated_buffer
HSD,128,32,128,16,1,7,4096,6845.8762207,2.61721359607e-06,0,repeated_buffer
DSH,128,32,128,16,1,7,2048,13545.715332,2.61721359607e-06,0,repeated_buffer
DSH,128,32,128,16,1,8,2048,13530.9042969,2.61721359607e-06,0,repeated_buffer
SHD,128,32,128,16,1,8,4096,6915.0390625,2.61721359607e-06,0,repeated_buffer
HSD,128,32,128,16,1,8,4096,6894.02270508,2.61721359607e-06,0,repeated_buffer
SHD,128,32,128,16,1,9,4096,6926.74755859,2.61721359607e-06,0,repeated_buffer
HSD,128,32,128,16,1,9,4096,6842.26489258,2.61721359607e-06,0,repeated_buffer
DSH,128,32,128,16,1,9,2048,13747.2739258,2.61721359607e-06,0,repeated_buffer
DSH,8192,1,64,0,1,0,32,684199.21875,2.52438836412e-06,0,repeated_buffer
HSD,8192,1,64,0,1,0,128,156886.71875,3.3085065354e-06,0,repeated_buffer
SHD,8192,1,64,0,1,0,128,156768.554688,3.3085065354e-06,0,repeated_buffer
HSD,8192,1,64,0,1,1,128,157110.023438,3.3085065354e-06,0,repeated_buffer
DSH,8192,1,64,0,1,1,32,682221.34375,2.52438836412e-06,0,repeated_buffer
SHD,8192,1,64,0,1,1,128,157009.765625,3.3085065354e-06,0,repeated_buffer
DSH,8192,1,64,0,1,2,32,680515.625,2.52438836412e-06,0,repeated_buffer
HSD,8192,1,64,0,1,2,128,156624.351562,3.3085065354e-06,0,repeated_buffer
SHD,8192,1,64,0,1,2,128,156852.539062,3.3085065354e-06,0,repeated_buffer
SHD,8192,1,64,0,1,3,128,156816.078125,3.3085065354e-06,0,repeated_buffer
HSD,8192,1,64,0,1,3,128,156588.867188,3.3085065354e-06,0,repeated_buffer
DSH,8192,1,64,0,1,3,32,688248.6875,2.52438836412e-06,0,repeated_buffer
DSH,8192,1,64,0,1,4,32,687981.78125,2.52438836412e-06,0,repeated_buffer
SHD,8192,1,64,0,1,4,128,156674.148438,3.3085065354e-06,0,repeated_buffer
HSD,8192,1,64,0,1,4,128,157038.085938,3.3085065354e-06,0,repeated_buffer
DSH,8192,1,64,0,1,5,32,687899.75,2.52438836412e-06,0,repeated_buffer
SHD,8192,1,64,0,1,5,128,157093.421875,3.3085065354e-06,0,repeated_buffer
HSD,8192,1,64,0,1,5,128,156652.671875,3.3085065354e-06,0,repeated_buffer
SHD,8192,1,64,0,1,6,128,156645.507812,3.3085065354e-06,0,repeated_buffer
HSD,8192,1,64,0,1,6,128,157035.804688,3.3085065354e-06,0,repeated_buffer
DSH,8192,1,64,0,1,6,32,687416.65625,2.52438836412e-06,0,repeated_buffer
SHD,8192,1,64,0,1,7,128,156851.882812,3.3085065354e-06,0,repeated_buffer
HSD,8192,1,64,0,1,7,128,156709.3125,3.3085065354e-06,0,repeated_buffer
DSH,8192,1,64,0,1,7,32,686562.5,2.52438836412e-06,0,repeated_buffer
HSD,8192,1,64,0,1,8,128,156797.523438,3.3085065354e-06,0,repeated_buffer
SHD,8192,1,64,0,1,8,128,156946.9375,3.3085065354e-06,0,repeated_buffer
DSH,8192,1,64,0,1,8,32,682248.71875,2.52438836412e-06,0,repeated_buffer
SHD,8192,1,64,0,1,9,128,157119.789062,3.3085065354e-06,0,repeated_buffer
HSD,8192,1,64,0,1,9,128,156616.859375,3.3085065354e-06,0,repeated_buffer
DSH,8192,1,64,0,1,9,32,678988.28125,2.52438836412e-06,0,repeated_buffer
DSH,8192,1,128,0,1,0,32,980611.96875,5.98322731094e-06,0,repeated_buffer
HSD,8192,1,128,0,1,0,64,443530.59375,5.02955299453e-06,0,repeated_buffer
SHD,8192,1,128,0,1,0,64,440836.578125,5.02955299453e-06,0,repeated_buffer
HSD,8192,1,128,0,1,1,64,440414.0625,5.02955299453e-06,0,repeated_buffer
DSH,8192,1,128,0,1,1,32,972565.125,5.98322731094e-06,0,repeated_buffer
SHD,8192,1,128,0,1,1,64,443245.4375,5.02955299453e-06,0,repeated_buffer
DSH,8192,1,128,0,1,2,32,967531.25,5.98322731094e-06,0,repeated_buffer
SHD,8192,1,128,0,1,2,64,441154.9375,5.02955299453e-06,0,repeated_buffer
HSD,8192,1,128,0,1,2,64,440291.65625,5.02955299453e-06,0,repeated_buffer
HSD,8192,1,128,0,1,3,64,442070.96875,5.02955299453e-06,0,repeated_buffer
DSH,8192,1,128,0,1,3,32,954002.625,5.98322731094e-06,0,repeated_buffer
SHD,8192,1,128,0,1,3,64,442447.921875,5.02955299453e-06,0,repeated_buffer
HSD,8192,1,128,0,1,4,64,439216.15625,5.02955299453e-06,0,repeated_buffer
DSH,8192,1,128,0,1,4,32,970350.25,5.98322731094e-06,0,repeated_buffer
SHD,8192,1,128,0,1,4,64,438368.484375,5.02955299453e-06,0,repeated_buffer
HSD,8192,1,128,0,1,5,64,441797.53125,5.02955299453e-06,0,repeated_buffer
DSH,8192,1,128,0,1,5,32,979786.4375,5.98322731094e-06,0,repeated_buffer
SHD,8192,1,128,0,1,5,64,441409.5,5.02955299453e-06,0,repeated_buffer
DSH,8192,1,128,0,1,6,32,982703.125,5.98322731094e-06,0,repeated_buffer
SHD,8192,1,128,0,1,6,64,442656.90625,5.02955299453e-06,0,repeated_buffer
HSD,8192,1,128,0,1,6,64,440701.171875,5.02955299453e-06,0,repeated_buffer
HSD,8192,1,128,0,1,7,64,441676.4375,5.02955299453e-06,0,repeated_buffer
DSH,8192,1,128,0,1,7,32,982834.625,5.98322731094e-06,0,repeated_buffer
SHD,8192,1,128,0,1,7,64,442067.703125,5.02955299453e-06,0,repeated_buffer
HSD,8192,1,128,0,1,8,64,443147.78125,5.02955299453e-06,0,repeated_buffer
DSH,8192,1,128,0,1,8,32,979861.96875,5.98322731094e-06,0,repeated_buffer
SHD,8192,1,128,0,1,8,64,438035.15625,5.02955299453e-06,0,repeated_buffer
SHD,8192,1,128,0,1,9,64,441141.921875,5.02955299453e-06,0,repeated_buffer
DSH,8192,1,128,0,1,9,32,980173.1875,5.98322731094e-06,0,repeated_buffer
HSD,8192,1,128,0,1,9,64,438474.609375,5.02955299453e-06,0,repeated_buffer
HSD,8192,32,64,16,1,0,128,156839.1875,2.20415346064e-06,0,repeated_buffer
SHD,8192,32,64,16,1,0,128,168646.484375,2.20415346064e-06,0,repeated_buffer
DSH,8192,32,64,16,1,0,8,2233411.375,2.20415346064e-06,0,repeated_buffer
SHD,8192,32,64,16,1,1,128,166693.6875,2.20415346064e-06,0,repeated_buffer
DSH,8192,32,64,16,1,1,8,2230078.125,2.20415346064e-06,0,repeated_buffer
HSD,8192,32,64,16,1,1,128,156902.992188,2.20415346064e-06,0,repeated_buffer
SHD,8192,32,64,16,1,2,128,167689.773438,2.20415346064e-06,0,repeated_buffer
HSD,8192,32,64,16,1,2,128,157372.398438,2.20415346064e-06,0,repeated_buffer
DSH,8192,32,64,16,1,2,8,2251614.5,2.20415346064e-06,0,repeated_buffer
DSH,8192,32,64,16,1,3,8,2241109.375,2.20415346064e-06,0,repeated_buffer
HSD,8192,32,64,16,1,3,128,156828.125,2.20415346064e-06,0,repeated_buffer
SHD,8192,32,64,16,1,3,128,167981.117188,2.20415346064e-06,0,repeated_buffer
DSH,8192,32,64,16,1,4,8,2210260.375,2.20415346064e-06,0,repeated_buffer
SHD,8192,32,64,16,1,4,128,167500.976562,2.20415346064e-06,0,repeated_buffer
HSD,8192,32,64,16,1,4,128,157985.679688,2.20415346064e-06,0,repeated_buffer
HSD,8192,32,64,16,1,5,128,157193.6875,2.20415346064e-06,0,repeated_buffer
SHD,8192,32,64,16,1,5,128,168395.835938,2.20415346064e-06,0,repeated_buffer
DSH,8192,32,64,16,1,5,8,2448770.875,2.20415346064e-06,0,repeated_buffer
HSD,8192,32,64,16,1,6,128,156837.242188,2.20415346064e-06,0,repeated_buffer
DSH,8192,32,64,16,1,6,8,2251598.875,2.20415346064e-06,0,repeated_buffer
SHD,8192,32,64,16,1,6,128,168529.945312,2.20415346064e-06,0,repeated_buffer
DSH,8192,32,64,16,1,7,8,2237421.875,2.20415346064e-06,0,repeated_buffer
SHD,8192,32,64,16,1,7,128,168879.234375,2.20415346064e-06,0,repeated_buffer
HSD,8192,32,64,16,1,7,128,156876.953125,2.20415346064e-06,0,repeated_buffer
SHD,8192,32,64,16,1,8,128,167142.25,2.20415346064e-06,0,repeated_buffer
HSD,8192,32,64,16,1,8,128,156929.6875,2.20415346064e-06,0,repeated_buffer
DSH,8192,32,64,16,1,8,8,2206062.5,2.20415346064e-06,0,repeated_buffer
SHD,8192,32,64,16,1,9,128,169078.78125,2.20415346064e-06,0,repeated_buffer
DSH,8192,32,64,16,1,9,8,2224807.25,2.20415346064e-06,0,repeated_buffer
HSD,8192,32,64,16,1,9,128,157875.328125,2.20415346064e-06,0,repeated_buffer
HSD,8192,32,128,16,1,0,64,448313.796875,6.30243245325e-06,0,repeated_buffer
SHD,8192,32,128,16,1,0,32,623998.6875,6.30243245325e-06,0,repeated_buffer
DSH,8192,32,128,16,1,0,8,4513416.625,6.30243245325e-06,0,repeated_buffer
HSD,8192,32,128,16,1,1,64,447747.390625,6.30243245325e-06,0,repeated_buffer
DSH,8192,32,128,16,1,1,8,4486697.875,6.30243245325e-06,0,repeated_buffer
SHD,8192,32,128,16,1,1,32,627791.6875,6.30243245325e-06,0,repeated_buffer
SHD,8192,32,128,16,1,2,32,632622.40625,6.30243245325e-06,0,repeated_buffer
HSD,8192,32,128,16,1,2,64,438789.71875,6.30243245325e-06,0,repeated_buffer
DSH,8192,32,128,16,1,2,8,4581666.625,6.30243245325e-06,0,repeated_buffer
HSD,8192,32,128,16,1,3,64,441032.546875,6.30243245325e-06,0,repeated_buffer
DSH,8192,32,128,16,1,3,8,4504145.875,6.30243245325e-06,0,repeated_buffer
SHD,8192,32,128,16,1,3,32,627436.21875,6.30243245325e-06,0,repeated_buffer
HSD,8192,32,128,16,1,4,64,441048.171875,6.30243245325e-06,0,repeated_buffer
DSH,8192,32,128,16,1,4,8,4490734.375,6.30243245325e-06,0,repeated_buffer
SHD,8192,32,128,16,1,4,32,622806,6.30243245325e-06,0,repeated_buffer
DSH,8192,32,128,16,1,5,8,4482843.75,6.30243245325e-06,0,repeated_buffer
SHD,8192,32,128,16,1,5,32,623079.4375,6.30243245325e-06,0,repeated_buffer
HSD,8192,32,128,16,1,5,64,442057.296875,6.30243245325e-06,0,repeated_buffer
HSD,8192,32,128,16,1,6,64,440927.078125,6.30243245325e-06,0,repeated_buffer
DSH,8192,32,128,16,1,6,8,4563161.5,6.30243245325e-06,0,repeated_buffer
SHD,8192,32,128,16,1,6,32,655257.8125,6.30243245325e-06,0,repeated_buffer
DSH,8192,32,128,16,1,7,8,4510317.75,6.30243245325e-06,0,repeated_buffer
HSD,8192,32,128,16,1,7,64,440333.984375,6.30243245325e-06,0,repeated_buffer
SHD,8192,32,128,16,1,7,32,671612,6.30243245325e-06,0,repeated_buffer
HSD,8192,32,128,16,1,8,64,442639.328125,6.30243245325e-06,0,repeated_buffer
DSH,8192,32,128,16,1,8,8,4483786.375,6.30243245325e-06,0,repeated_buffer
SHD,8192,32,128,16,1,8,32,642768.21875,6.30243245325e-06,0,repeated_buffer
DSH,8192,32,128,16,1,9,8,4512416.625,6.30243245325e-06,0,repeated_buffer
HSD,8192,32,128,16,1,9,64,443898.4375,6.30243245325e-06,0,repeated_buffer
SHD,8192,32,128,16,1,9,32,630851.5625,6.30243245325e-06,0,repeated_buffer
DSH,32768,1,64,0,1,0,16,1934934.875,2.81281259618e-06,0,repeated_buffer
SHD,32768,1,64,0,1,0,32,635531.25,3.3085065354e-06,0,repeated_buffer
HSD,32768,1,64,0,1,0,32,636558.59375,3.3085065354e-06,0,repeated_buffer
DSH,32768,1,64,0,1,1,16,2032460.9375,2.81281259618e-06,0,repeated_buffer
HSD,32768,1,64,0,1,1,32,637101.5625,3.3085065354e-06,0,repeated_buffer
SHD,32768,1,64,0,1,1,32,636695.3125,3.3085065354e-06,0,repeated_buffer
SHD,32768,1,64,0,1,2,32,634477.875,3.3085065354e-06,0,repeated_buffer
HSD,32768,1,64,0,1,2,32,635567.71875,3.3085065354e-06,0,repeated_buffer
DSH,32768,1,64,0,1,2,16,1940619.8125,2.81281259618e-06,0,repeated_buffer
DSH,32768,1,64,0,1,3,16,1944375,2.81281259618e-06,0,repeated_buffer
HSD,32768,1,64,0,1,3,32,637062.5,3.3085065354e-06,0,repeated_buffer
SHD,32768,1,64,0,1,3,32,633756.53125,3.3085065354e-06,0,repeated_buffer
HSD,32768,1,64,0,1,4,32,634485.6875,3.3085065354e-06,0,repeated_buffer
SHD,32768,1,64,0,1,4,32,635475.28125,3.3085065354e-06,0,repeated_buffer
DSH,32768,1,64,0,1,4,16,1948349,2.81281259618e-06,0,repeated_buffer
SHD,32768,1,64,0,1,5,32,633256.5,3.3085065354e-06,0,repeated_buffer
DSH,32768,1,64,0,1,5,16,2025729.1875,2.81281259618e-06,0,repeated_buffer
HSD,32768,1,64,0,1,5,32,640468.75,3.3085065354e-06,0,repeated_buffer
HSD,32768,1,64,0,1,6,32,635963.53125,3.3085065354e-06,0,repeated_buffer
SHD,32768,1,64,0,1,6,32,634151.03125,3.3085065354e-06,0,repeated_buffer
DSH,32768,1,64,0,1,6,16,1941578.125,2.81281259618e-06,0,repeated_buffer
HSD,32768,1,64,0,1,7,32,635058.59375,3.3085065354e-06,0,repeated_buffer
SHD,32768,1,64,0,1,7,32,632643.25,3.3085065354e-06,0,repeated_buffer
DSH,32768,1,64,0,1,7,16,1943078.125,2.81281259618e-06,0,repeated_buffer
DSH,32768,1,64,0,1,8,16,1940101.5625,2.81281259618e-06,0,repeated_buffer
HSD,32768,1,64,0,1,8,32,633579.4375,3.3085065354e-06,0,repeated_buffer
SHD,32768,1,64,0,1,8,32,635514.3125,3.3085065354e-06,0,repeated_buffer
DSH,32768,1,64,0,1,9,16,1939781.25,2.81281259618e-06,0,repeated_buffer
HSD,32768,1,64,0,1,9,32,634276.03125,3.3085065354e-06,0,repeated_buffer
SHD,32768,1,64,0,1,9,32,633985.65625,3.3085065354e-06,0,repeated_buffer
DSH,32768,1,128,0,1,0,4,5239396,6.04175916408e-06,0,repeated_buffer
HSD,32768,1,128,0,1,0,16,1777781.25,5.91481418155e-06,0,repeated_buffer
SHD,32768,1,128,0,1,0,16,1787138.0625,5.91481418155e-06,0,repeated_buffer
HSD,32768,1,128,0,1,1,16,1788736.9375,5.91481418155e-06,0,repeated_buffer
DSH,32768,1,128,0,1,1,4,5238541.75,6.04175916408e-06,0,repeated_buffer
SHD,32768,1,128,0,1,1,16,1780460.9375,5.91481418155e-06,0,repeated_buffer
SHD,32768,1,128,0,1,2,16,1775328.125,5.91481418155e-06,0,repeated_buffer
HSD,32768,1,128,0,1,2,16,1782218.75,5.91481418155e-06,0,repeated_buffer
DSH,32768,1,128,0,1,2,4,5389354.25,6.04175916408e-06,0,repeated_buffer
DSH,32768,1,128,0,1,3,4,5227114.5,6.04175916408e-06,0,repeated_buffer
SHD,32768,1,128,0,1,3,16,1861208.375,5.91481418155e-06,0,repeated_buffer
HSD,32768,1,128,0,1,3,16,1793192.6875,5.91481418155e-06,0,repeated_buffer
HSD,32768,1,128,0,1,4,16,1777169.3125,5.91481418155e-06,0,repeated_buffer
SHD,32768,1,128,0,1,4,16,1782067.6875,5.91481418155e-06,0,repeated_buffer
DSH,32768,1,128,0,1,4,4,5199895.75,6.04175916408e-06,0,repeated_buffer
DSH,32768,1,128,0,1,5,4,5186135.25,6.04175916408e-06,0,repeated_buffer
HSD,32768,1,128,0,1,5,16,1781812.5,5.91481418155e-06,0,repeated_buffer
SHD,32768,1,128,0,1,5,16,1768182.3125,5.91481418155e-06,0,repeated_buffer
HSD,32768,1,128,0,1,6,16,1768080.75,5.91481418155e-06,0,repeated_buffer
SHD,32768,1,128,0,1,6,16,1783869.8125,5.91481418155e-06,0,repeated_buffer
DSH,32768,1,128,0,1,6,4,5236687.5,6.04175916408e-06,0,repeated_buffer
DSH,32768,1,128,0,1,7,4,5278177,6.04175916408e-06,0,repeated_buffer
HSD,32768,1,128,0,1,7,16,1777315.125,5.91481418155e-06,0,repeated_buffer
SHD,32768,1,128,0,1,7,16,1780885.4375,5.91481418155e-06,0,repeated_buffer
SHD,32768,1,128,0,1,8,16,1800575.5,5.91481418155e-06,0,repeated_buffer
HSD,32768,1,128,0,1,8,16,1780695.3125,5.91481418155e-06,0,repeated_buffer
DSH,32768,1,128,0,1,8,4,5187656.25,6.04175916408e-06,0,repeated_buffer
DSH,32768,1,128,0,1,9,4,5174698,6.04175916408e-06,0,repeated_buffer
HSD,32768,1,128,0,1,9,16,1779690.125,5.91481418155e-06,0,repeated_buffer
SHD,32768,1,128,0,1,9,16,1787643.1875,5.91481418155e-06,0,repeated_buffer
DSH,32768,32,64,16,1,0,4,7896437.5,2.54614315054e-06,0,repeated_buffer
SHD,32768,32,64,16,1,0,32,674492.1875,3.03213685982e-06,0,repeated_buffer
HSD,32768,32,64,16,1,0,32,632445.3125,3.03213685982e-06,0,repeated_buffer
SHD,32768,32,64,16,1,1,32,674856.78125,3.03213685982e-06,0,repeated_buffer
DSH,32768,32,64,16,1,1,4,7810062.5,2.54614315054e-06,0,repeated_buffer
HSD,32768,32,64,16,1,1,32,637733.0625,3.03213685982e-06,0,repeated_buffer
DSH,32768,32,64,16,1,2,4,7835739.75,2.54614315054e-06,0,repeated_buffer
HSD,32768,32,64,16,1,2,32,634194.03125,3.03213685982e-06,0,repeated_buffer
SHD,32768,32,64,16,1,2,32,673792.96875,3.03213685982e-06,0,repeated_buffer
SHD,32768,32,64,16,1,3,32,675484.375,3.03213685982e-06,0,repeated_buffer
HSD,32768,32,64,16,1,3,32,633886.71875,3.03213685982e-06,0,repeated_buffer
DSH,32768,32,64,16,1,3,4,7861020.75,2.54614315054e-06,0,repeated_buffer
DSH,32768,32,64,16,1,4,4,7872833.5,2.54614315054e-06,0,repeated_buffer
SHD,32768,32,64,16,1,4,32,675104.15625,3.03213685982e-06,0,repeated_buffer
HSD,32768,32,64,16,1,4,32,633957.03125,3.03213685982e-06,0,repeated_buffer
SHD,32768,32,64,16,1,5,32,672399.75,3.03213685982e-06,0,repeated_buffer
HSD,32768,32,64,16,1,5,32,631661.4375,3.03213685982e-06,0,repeated_buffer
DSH,32768,32,64,16,1,5,4,7847479.25,2.54614315054e-06,0,repeated_buffer
HSD,32768,32,64,16,1,6,32,633281.25,3.03213685982e-06,0,repeated_buffer
SHD,32768,32,64,16,1,6,32,675781.25,3.03213685982e-06,0,repeated_buffer
DSH,32768,32,64,16,1,6,4,7808302,2.54614315054e-06,0,repeated_buffer
SHD,32768,32,64,16,1,7,32,674256.5,3.03213685982e-06,0,repeated_buffer
DSH,32768,32,64,16,1,7,4,7802468.75,2.54614315054e-06,0,repeated_buffer
HSD,32768,32,64,16,1,7,32,631774.75,3.03213685982e-06,0,repeated_buffer
SHD,32768,32,64,16,1,8,32,672678.375,3.03213685982e-06,0,repeated_buffer
HSD,32768,32,64,16,1,8,32,632740.90625,3.03213685982e-06,0,repeated_buffer
DSH,32768,32,64,16,1,8,4,7931593.75,2.54614315054e-06,0,repeated_buffer
DSH,32768,32,64,16,1,9,4,7918187.5,2.54614315054e-06,0,repeated_buffer
HSD,32768,32,64,16,1,9,32,631816.40625,3.03213685982e-06,0,repeated_buffer
SHD,32768,32,64,16,1,9,32,679247.375,3.03213685982e-06,0,repeated_buffer
SHD,32768,32,128,16,1,0,8,4565895.75,6.30243245325e-06,0,repeated_buffer
HSD,32768,32,128,16,1,0,16,1803484.375,6.30243245325e-06,0,repeated_buffer
DSH,32768,32,128,16,1,0,2,18084687.5,6.30243245325e-06,0,repeated_buffer
DSH,32768,32,128,16,1,1,2,17704416.5,6.30243245325e-06,0,repeated_buffer
HSD,32768,32,128,16,1,1,16,1779781.25,6.30243245325e-06,0,repeated_buffer
SHD,32768,32,128,16,1,1,8,4548354.125,6.30243245325e-06,0,repeated_buffer
HSD,32768,32,128,16,1,2,16,1786820.3125,6.30243245325e-06,0,repeated_buffer
SHD,32768,32,128,16,1,2,8,4860041.75,6.30243245325e-06,0,repeated_buffer
DSH,32768,32,128,16,1,2,2,17652645.5,6.30243245325e-06,0,repeated_buffer
HSD,32768,32,128,16,1,3,16,1784401.0625,6.30243245325e-06,0,repeated_buffer
DSH,32768,32,128,16,1,3,2,17519187.5,6.30243245325e-06,0,repeated_buffer
SHD,32768,32,128,16,1,3,8,4543401,6.30243245325e-06,0,repeated_buffer
SHD,32768,32,128,16,1,4,8,4982171.875,6.30243245325e-06,0,repeated_buffer
DSH,32768,32,128,16,1,4,2,17528541.5,6.30243245325e-06,0,repeated_buffer
HSD,32768,32,128,16,1,4,16,1768494.75,6.30243245325e-06,0,repeated_buffer
DSH,32768,32,128,16,1,5,2,17673333.5,6.30243245325e-06,0,repeated_buffer
HSD,32768,32,128,16,1,5,16,1776502.5625,6.30243245325e-06,0,repeated_buffer
SHD,32768,32,128,16,1,5,8,4563562.5,6.30243245325e-06,0,repeated_buffer
SHD,32768,32,128,16,1,6,8,5015875,6.30243245325e-06,0,repeated_buffer
HSD,32768,32,128,16,1,6,16,1778468.75,6.30243245325e-06,0,repeated_buffer
DSH,32768,32,128,16,1,6,2,17476083,6.30243245325e-06,0,repeated_buffer
DSH,32768,32,128,16,1,7,2,17667250,6.30243245325e-06,0,repeated_buffer
HSD,32768,32,128,16,1,7,16,1773039.0625,6.30243245325e-06,0,repeated_buffer
SHD,32768,32,128,16,1,7,8,4567385.5,6.30243245325e-06,0,repeated_buffer
HSD,32768,32,128,16,1,8,16,1792544.3125,6.30243245325e-06,0,repeated_buffer
SHD,32768,32,128,16,1,8,8,4566911.5,6.30243245325e-06,0,repeated_buffer
DSH,32768,32,128,16,1,8,2,17450958.5,6.30243245325e-06,0,repeated_buffer
DSH,32768,32,128,16,1,9,2,17609520.5,6.30243245325e-06,0,repeated_buffer
SHD,32768,32,128,16,1,9,8,4552062.5,6.30243245325e-06,0,repeated_buffer
HSD,32768,32,128,16,1,9,16,1775601.5625,6.30243245325e-06,0,repeated_buffer
