run,S,H,D,head_start,heads_processed,layout,samples,median_us,q1_us,q3_us,time_over_hsd
Run1,128,1,64,0,1,DSH,10,4.540115356445,4.4982833862275,4.556401550295,1.841667304815859
Run1,128,1,64,0,1,HSD,10,2.46522015381,2.455689727785,2.47582876587,1.0
Run1,128,1,64,0,1,SHD,10,2.455825805665,2.4535928955074997,2.473252593995,0.996189245763515
Run1,128,1,128,0,1,DSH,10,11.83534765625,11.820404052749998,11.8397672119,1.7173124562721058
Run1,128,1,128,0,1,HSD,10,6.8917846679700006,6.8738200073249995,6.9088211059525,1.0
Run1,128,1,128,0,1,SHD,10,6.89303076172,6.8725738525399995,6.902496459962499,1.00018080857282
Run1,128,8,64,4,1,DSH,10,5.305409667965,5.299919128417501,5.3293151245125,2.1654558551963
Run1,128,8,64,4,1,HSD,10,2.45001977539,2.44838079834,2.45254519653,1.0
Run1,128,8,64,4,1,SHD,10,2.46080523682,2.45912036133,2.4635620727525,1.00440219362241
Run1,128,8,128,4,1,DSH,10,14.377156738250001,14.310180664025,14.500381347700001,2.083022782346627
Run1,128,8,128,4,1,HSD,10,6.90206408691,6.890546142580001,6.910039367675,1.0
Run1,128,8,128,4,1,SHD,10,6.93397009277,6.9253185424799995,6.945490478512499,1.0046226759789887
Run1,128,32,64,16,1,DSH,10,6.07494091797,6.0339152832075,6.123418212895,2.4701172806343914
Run1,128,32,64,16,1,HSD,10,2.459373474125,2.4529609375,2.47343319702,1.0
Run1,128,32,64,16,1,SHD,10,2.5932057495149996,2.5749256897,2.6238797302275003,1.054417223247321
Run1,128,32,128,16,1,DSH,10,13.8208823242,13.625498535125,13.970006469725,1.9957563018580136
Run1,128,32,128,16,1,HSD,10,6.925135253905,6.910756530765001,6.931892456057501,1.0
Run1,128,32,128,16,1,SHD,10,6.95422363281,6.941899536134999,7.002273559572499,1.004200405889343
Run1,1024,1,64,0,1,DSH,10,43.108519531249996,43.026000976575,43.372720703125,2.1914122724571694
Run1,1024,1,64,0,1,HSD,10,19.6715698242,19.6365151367,19.67775488285,1.0
Run1,1024,1,64,0,1,SHD,10,19.66642285155,19.632211914050004,19.7110498047,0.9997383547578563
Run1,1024,1,128,0,1,DSH,10,118.970541016,118.788982422,119.132488281,2.1509257118404643
Run1,1024,1,128,0,1,HSD,10,55.3113203125,55.1155605469,55.4331054688,1.0
Run1,1024,1,128,0,1,SHD,10,55.409057617200006,55.264831542974996,55.524271484399996,1.0017670398057361
Run1,1024,8,64,4,1,DSH,10,53.55338574215,53.023763183599996,54.094239257824995,2.7242428659870455
Run1,1024,8,64,4,1,HSD,10,19.658080566450003,19.63922167965,19.677042968774998,1.0
Run1,1024,8,64,4,1,SHD,10,19.70383691405,19.694956298825,19.73240161135,1.002327610136978
Run1,1024,8,128,4,1,DSH,10,119.958984375,117.24886230425,122.0006513675,2.1712305081891787
Run1,1024,8,128,4,1,HSD,10,55.2493085937,55.169454589850005,55.626769042975,1.0
Run1,1024,8,128,4,1,SHD,10,55.6511640625,55.515015136725005,55.73870800785,1.0072734931717466
Run1,1024,32,64,16,1,DSH,10,80.57901953125,79.281575195325,82.24878124995001,4.072600182621357
Run1,1024,32,64,16,1,HSD,10,19.78564453125,19.71642089845,19.936218505825,1.0
Run1,1024,32,64,16,1,SHD,10,21.051310058600002,20.9388330078,21.276072753900003,1.0639688803339702
Run1,1024,32,128,16,1,DSH,10,375.8317109375,365.5102578125,384.4116171875,6.780033860383176
Run1,1024,32,128,16,1,HSD,10,55.43212890625,55.344359375,55.60618164065,1.0
Run1,1024,32,128,16,1,SHD,10,74.46557617185,74.27722167972499,75.102704101525,1.3433648975991968
Run1,8192,1,64,0,1,DSH,10,674.240875,673.11621875,674.815109375,4.283860529133581
Run1,8192,1,64,0,1,HSD,10,157.3909492185,157.24853515625,157.94694140625,1.0
Run1,8192,1,64,0,1,SHD,10,157.426105469,157.277101563,157.68033789100002,1.000223368946401
Run1,8192,1,128,0,1,DSH,10,975.60221875,969.787125,981.89290625,2.2033227793801506
Run1,8192,1,128,0,1,HSD,10,442.7867890625,441.64761328125,443.57795703125,1.0
Run1,8192,1,128,0,1,SHD,10,444.1979140625,443.0410234375,444.703609375,1.003186917574907
Run1,8192,8,64,4,1,DSH,10,746.778,739.959640625,753.4804765625,4.737893024206789
Run1,8192,8,64,4,1,HSD,10,157.6181640625,157.2720546875,159.39843945325,1.0
Run1,8192,8,64,4,1,SHD,10,161.2008476565,160.752441406,161.7543124995,1.0227301441766532
Run1,8192,8,128,4,1,DSH,10,2207.78125,2174.055359375,2359.40428125,4.980733049850529
Run1,8192,8,128,4,1,HSD,10,443.2643203125,442.54996875,444.37939453125,1.0
Run1,8192,8,128,4,1,SHD,10,466.7233125,462.73111328125003,470.80225,1.0529232584543722
Run1,8192,32,64,16,1,DSH,10,2304.33334375,2266.09959375,2315.1608125000002,14.6308392127732
Run1,8192,32,64,16,1,HSD,10,157.498371094,157.19474609374998,157.73738476600002,1.0
Run1,8192,32,64,16,1,SHD,10,168.016273437,167.54174609400002,168.22965429725,1.0667810230032322
Run1,8192,32,128,16,1,DSH,10,4348.61975,4323.8072812499995,4373.962187499999,9.822757273587213
Run1,8192,32,128,16,1,HSD,10,442.7086640625,440.80746093749997,443.63996875,1.0
Run1,8192,32,128,16,1,SHD,10,659.353515625,629.91503125,701.4716796875,1.4893621226530025
Run1,32768,1,64,0,1,DSH,10,2005.1953125,1997.59053125,2037.4759375,3.13329614208739
Run1,32768,1,64,0,1,HSD,10,639.963546875,638.8561171875,640.584328125,1.0
Run1,32768,1,64,0,1,SHD,10,639.58071875,637.6894453125,643.143890625,0.9994017969822353
Run1,32768,1,128,0,1,DSH,10,4636.21875,4628.1536875,4654.1419375000005,2.581570818475701
Run1,32768,1,128,0,1,HSD,10,1795.8905937499999,1786.660171875,1801.067703125,1.0
Run1,32768,1,128,0,1,SHD,10,1793.51690625,1788.8665156250001,1803.72396875,0.9986782672016543
Run1,32768,8,64,4,1,DSH,10,5747.0,5702.7890625,5776.20825,8.994904172361114
Run1,32768,8,64,4,1,HSD,10,638.9173125,637.9921875,642.6428984375,1.0
Run1,32768,8,64,4,1,SHD,10,677.338546875,676.6123046875,679.094734375,1.0601349088893253
Run1,32768,8,128,4,1,DSH,10,15942.75,15912.359125,16086.2345,8.920294616191091
Run1,32768,8,128,4,1,HSD,10,1787.24478125,1784.787140625,1790.0208125,1.0
Run1,32768,8,128,4,1,SHD,10,2428.9075625,2409.184234375,2459.9641874999998,1.3590234465819622
Run1,32768,32,64,16,1,DSH,10,8235.104125,8035.809875,9644.802062499999,12.795668833515606
Run1,32768,32,64,16,1,HSD,10,643.58528125,640.0205234375,660.6839140625,1.0
Run1,32768,32,64,16,1,SHD,10,698.028640625,693.61425,716.6103671875,1.0845938540876163
Run1,32768,32,128,16,1,DSH,10,17561.302,17462.58325,19564.5415,9.722688351009532
Run1,32768,32,128,16,1,HSD,10,1806.21875,1796.67903125,1809.0299375,1.0
Run1,32768,32,128,16,1,SHD,10,4801.4375,4626.92321875,4964.223906249999,2.6582812851433415
Run2,128,1,64,0,1,DSH,10,4.737543762205,4.6750195312475,4.803647338865,1.8320104781100592
Run2,128,1,64,0,1,HSD,10,2.5859807128899996,2.5535634765625,2.6165199279799998,1.0
Run2,128,1,64,0,1,SHD,10,2.572087646485,2.5488484802249998,2.6251754760775,0.9946275444608892
Run2,128,1,128,0,1,DSH,10,12.2587788086,12.243998413075001,12.621149658225,1.6882213178913088
Run2,128,1,128,0,1,HSD,10,7.261357666015,7.193107666015001,7.896641906737501,1.0
Run2,128,1,128,0,1,SHD,10,7.2341970214849995,7.14580535889,7.588442443850001,0.99625956387507
Run2,128,8,64,4,1,DSH,10,5.377131103515,5.360122802730001,5.397928833009999,2.156562804902473
Run2,128,8,64,4,1,HSD,10,2.4933802490200003,2.4720433654775,2.507929443355,1.0
Run2,128,8,64,4,1,SHD,10,2.501856445315,2.465320648195,2.5302644958475,1.0033994800024308
Run2,128,8,128,4,1,DSH,10,14.487528320300001,14.441263671875,14.67603552245,2.091870399381296
Run2,128,8,128,4,1,HSD,10,6.9256337890649995,6.9126663208025,6.936559082027499,1.0
Run2,128,8,128,4,1,SHD,10,6.958740234375,6.939771118162501,6.99966162109,1.0047802766242524
Run2,128,32,64,16,1,DSH,10,6.145680786134999,6.129226623535001,6.16451269531,2.5011488820099546
Run2,128,32,64,16,1,HSD,10,2.45714312744,2.4517071533199997,2.4621479797325,1.0
Run2,128,32,64,16,1,SHD,10,2.575447143555,2.5725250244175,2.5934169006375,1.0481469780062247
Run2,128,32,128,16,1,DSH,10,14.211690185550001,13.897216918949999,14.401235107425,2.030052659898444
Run2,128,32,128,16,1,HSD,10,7.000651000975,6.906130554195,7.152694702149999,1.0
Run2,128,32,128,16,1,SHD,10,7.066991210935,6.99726611328,7.1416422729499995,1.009476291554994
Run2,1024,1,64,0,1,DSH,10,43.597575195299996,43.523131835925,43.75046777345,2.1910072149206345
Run2,1024,1,64,0,1,HSD,10,19.898416992149997,19.719330078125,19.97533154295,1.0
Run2,1024,1,64,0,1,SHD,10,19.638671875,19.597900390625,19.91643261715,0.9869464431641739
Run2,1024,1,128,0,1,DSH,10,118.947183594,118.77852343725,119.71878906225,2.139503216928365
Run2,1024,1,128,0,1,HSD,10,55.59570214845,55.212381835925,55.7614536133,1.0
Run2,1024,1,128,0,1,SHD,10,55.3228759766,55.12284326175,55.983663574225005,0.995092675129428
Run2,1024,8,64,4,1,DSH,10,52.792113281249996,52.71632910157499,52.927266113274996,2.6819974626285426
Run2,1024,8,64,4,1,HSD,10,19.68387890625,19.658843994174998,19.695434326125,1.0
Run2,1024,8,64,4,1,SHD,10,19.7054038086,19.667714355450002,19.72650146485,1.0010935295046528
Run2,1024,8,128,4,1,DSH,10,119.035564453,117.59212304649999,119.57503418,2.1495822065025316
Run2,1024,8,128,4,1,HSD,10,55.3761396484,55.28112792967501,55.7972416992,1.0
Run2,1024,8,128,4,1,SHD,10,55.6882324219,55.419840332025004,55.961608886725,1.0056358708909934
Run2,1024,32,64,16,1,DSH,10,80.60083007815,80.24792675785,81.425212890625,4.0990936180792445
Run2,1024,32,64,16,1,HSD,10,19.6630859375,19.635976074225,19.6748762207,1.0
Run2,1024,32,64,16,1,SHD,10,20.84250878905,20.698100097625,20.891164306599997,1.0599815743723466
Run2,1024,32,128,16,1,DSH,10,319.7161484375,318.287765625,340.0037421875,5.782429242676891
Run2,1024,32,128,16,1,HSD,10,55.290974609399996,55.2587480469,55.330953613275,1.0
Run2,1024,32,128,16,1,SHD,10,74.08365917969999,73.90437792967501,74.5901889648,1.3398870195915313
Run2,8192,1,64,0,1,DSH,10,672.556640625,668.0488359375,675.7464296874999,4.271397138305698
Run2,8192,1,64,0,1,HSD,10,157.455890625,157.1415996095,157.630207031,1.0
Run2,8192,1,64,0,1,SHD,10,157.456054688,157.37980078125,157.67732421875,1.0000010419616525
Run2,8192,1,128,0,1,DSH,10,970.4003749999999,964.403,972.873390625,2.1909273166768672
Run2,8192,1,128,0,1,HSD,10,442.9176484375,441.95784375,443.58447265625,1.0
Run2,8192,1,128,0,1,SHD,10,444.41895312500003,443.48534765625,444.70100390625004,1.0033895797397017
Run2,8192,8,64,4,1,DSH,10,723.436859375,706.3681640625,827.47690625,4.594712300165029
Run2,8192,8,64,4,1,HSD,10,157.449871094,156.9432734375,158.40340429725,1.0
Run2,8192,8,64,4,1,SHD,10,160.9632148435,160.5913066405,161.31046289025,1.0223140465285137
Run2,8192,8,128,4,1,DSH,10,1992.6510625,1984.491546875,2004.2760625,4.492158630147656
Run2,8192,8,128,4,1,HSD,10,443.5843046875,443.14665234375,447.65250390625,1.0
Run2,8192,8,128,4,1,SHD,10,503.2223203125,469.4374921875,514.82991796875,1.1344457299205262
Run2,8192,32,64,16,1,DSH,10,2319.1770625,2284.309265625,2505.253890625,14.701067101925648
Run2,8192,32,64,16,1,HSD,10,157.7556953125,157.37207226524998,159.459148438,1.0
Run2,8192,32,64,16,1,SHD,10,169.720703125,168.88411132775,172.636878906,1.0758451717942632
Run2,8192,32,128,16,1,DSH,10,5015.8333125,4966.854218750001,5051.31896875,11.273539674556611
Run2,8192,32,128,16,1,HSD,10,444.92089062499997,443.52457421875,449.2298203125,1.0
Run2,8192,32,128,16,1,SHD,10,639.8531875,622.6824531249999,665.68831640625,1.4381279930487643
Run2,32768,1,64,0,1,DSH,10,2009.63021875,2004.024734375,2041.012375,3.148489796871577
Run2,32768,1,64,0,1,HSD,10,638.283859375,635.41503125,641.8883515625,1.0
Run2,32768,1,64,0,1,SHD,10,638.87565625,636.065109375,641.572921875,1.0009271687922352
Run2,32768,1,128,0,1,DSH,10,4543.1953125,4523.5533749999995,4569.78521875,2.5415088773559136
Run2,32768,1,128,0,1,HSD,10,1787.59765625,1782.382125,1803.0618281250001,1.0
Run2,32768,1,128,0,1,SHD,10,1790.2265312499999,1781.9759374999999,1808.572921875,1.0014706189565692
Run2,32768,8,64,4,1,DSH,10,5710.3126250000005,5673.55725,5731.08075,8.89242167674824
Run2,32768,8,64,4,1,HSD,10,642.154953125,638.3391796875001,644.9560546875,1.0
Run2,32768,8,64,4,1,SHD,10,681.51496875,680.1171796875,686.8316953125,1.0612936417191168
Run2,32768,8,128,4,1,DSH,10,15802.7605,15670.2865,15863.228875,8.83946255037819
Run2,32768,8,128,4,1,HSD,10,1787.75128125,1777.985640625,1801.490875,1.0
Run2,32768,8,128,4,1,SHD,10,2417.31378125,2396.02146875,2435.4921875,1.3521532925764754
Run2,32768,32,64,16,1,DSH,10,8783.583375,8670.893124999999,9399.768124999999,13.594247823563553
Run2,32768,32,64,16,1,HSD,10,646.125,645.596375,647.7548671875,1.0
Run2,32768,32,64,16,1,SHD,10,691.7929531249999,684.8945390625,702.9612734375,1.070679749467982
Run2,32768,32,128,16,1,DSH,10,17904.71875,17850.823,17995.166875000003,10.059573923579185
Run2,32768,32,128,16,1,HSD,10,1779.8685,1773.9081875,1782.66340625,1.0
Run2,32768,32,128,16,1,SHD,10,4596.171875,4591.6927187500005,4636.401,2.5823098026623876
Run3,128,1,64,0,1,DSH,10,4.566184997555,4.5587603454575,4.602106750487501,1.8538602123742405
Run3,128,1,64,0,1,HSD,10,2.46306866455,2.457935363765,2.468237548825,1.0
Run3,128,1,64,0,1,SHD,10,2.4654744873050003,2.4627710876475,2.4879785766599998,1.000976758297333
Run3,128,1,128,0,1,DSH,10,11.87751269535,11.847935913074998,11.908889770475,1.7157028950170663
Run3,128,1,128,0,1,HSD,10,6.922826049805,6.894889770507499,6.9403457031275,1.0
Run3,128,1,128,0,1,SHD,10,6.957667114255,6.927006958005,7.0000457153275,1.005032780572463
Run3,128,8,64,4,1,DSH,10,5.327397583010001,5.3032099609375,5.339764831539999,2.163759696766521
Run3,128,8,64,4,1,HSD,10,2.46210223389,2.4609909057575003,2.4631258544924997,1.0
Run3,128,8,64,4,1,SHD,10,2.47057855225,2.4677734069825,2.4818076782225,1.003442715839873
Run3,128,8,128,4,1,DSH,10,14.487142089799999,14.416386962875,14.598637939425,2.097534319665859
Run3,128,8,128,4,1,HSD,10,6.90674853516,6.8800228271475,6.917015197754999,1.0
Run3,128,8,128,4,1,SHD,10,6.976903198244999,6.932965576172501,7.0092367553675,1.010157408037641
Run3,128,32,64,16,1,DSH,10,6.1923828125,6.153144775395,6.2133382568375,2.5170684111896695
Run3,128,32,64,16,1,HSD,10,2.4601567382800003,2.45372137451,2.46246469116,1.0
Run3,128,32,64,16,1,SHD,10,2.5919469604499996,2.575808166505,2.59933596802,1.0535698478553603
Run3,128,32,128,16,1,DSH,10,14.00955200195,13.9293774414,14.321762206999999,2.0206600712265788
Run3,128,32,128,16,1,HSD,10,6.93315625,6.9119364013675,6.9667561645525,1.0
Run3,128,32,128,16,1,SHD,10,6.96220397949,6.9386265869175,6.979568420415,1.004189683376889
Run3,1024,1,64,0,1,DSH,10,43.5326328125,43.30519628905,43.7092080078,2.1967231299472867
Run3,1024,1,64,0,1,HSD,10,19.8170776367,19.729390624975,20.1291298828,1.0
Run3,1024,1,64,0,1,SHD,10,19.7942504883,19.73044848635,19.94079638675,0.9988481072326364
Run3,1024,1,128,0,1,DSH,10,118.9827460935,118.28291699225001,121.02457812475,2.140882429905504
Run3,1024,1,128,0,1,HSD,10,55.5764970703,55.36930371095001,55.620502929649994,1.0
Run3,1024,1,128,0,1,SHD,10,55.45666503905,55.32063818357501,55.604776367225,0.9978438361975491
Run3,1024,8,64,4,1,DSH,10,52.88557910155,52.518187499975,53.320679199175004,2.683065828952851
Run3,1024,8,64,4,1,HSD,10,19.71087646485,19.664743896450002,19.791727539075,1.0
Run3,1024,8,64,4,1,SHD,10,19.749207031250002,19.71738671875,19.781463623075002,1.0019446403851375
Run3,1024,8,128,4,1,DSH,10,117.9104804685,117.35941601600001,118.87044335975001,2.1315251562473807
Run3,1024,8,128,4,1,HSD,10,55.31742382815,55.191467285200005,55.389729980474996,1.0
Run3,1024,8,128,4,1,SHD,10,55.54736425785,55.472961914075,56.64935253905,1.0041567450865814
Run3,1024,32,64,16,1,DSH,10,67.83536816405001,67.65098095705,68.607849121075,3.449662863684548
Run3,1024,32,64,16,1,HSD,10,19.664347168,19.6484370117,19.723266845725,1.0
Run3,1024,32,64,16,1,SHD,10,20.91986083985,20.793212402374998,20.990712158199997,1.0638472084083783
Run3,1024,32,128,16,1,DSH,10,302.845703125,295.36328320300004,312.41820898425,5.468896495464486
Run3,1024,32,128,16,1,HSD,10,55.37601660155,55.169067871075,55.77008154297499,1.0
Run3,1024,32,128,16,1,SHD,10,74.8761796875,74.3718251953,75.17991113285,1.3521409498675314
Run3,8192,1,64,0,1,DSH,10,675.115234375,673.1979296875,678.43325,4.2653765381189235
Run3,8192,1,64,0,1,HSD,10,158.277992187,157.680828125,158.79500390625,1.0
Run3,8192,1,64,0,1,SHD,10,158.189128906,157.771890625,158.6207714845,0.999438561989749
Run3,8192,1,128,0,1,DSH,10,983.1699375000001,975.5673671875,991.60090625,2.2094999731901446
Run3,8192,1,128,0,1,HSD,10,444.973953125,443.7088203125,448.77456640625,1.0
Run3,8192,1,128,0,1,SHD,10,444.277671875,443.74934765625,445.13638671875,0.9984352314442001
Run3,8192,8,64,4,1,DSH,10,732.08203125,722.7513046875,744.440109375,4.624664775152971
Run3,8192,8,64,4,1,HSD,10,158.299480469,157.9826621095,158.87133789075,1.0
Run3,8192,8,64,4,1,SHD,10,161.2329101565,160.994873047,162.21077148475,1.018530886385786
Run3,8192,8,128,4,1,DSH,10,1992.80728125,1975.025390625,1996.953765625,4.488554736139756
Run3,8192,8,128,4,1,HSD,10,443.975265625,442.7395859375,446.88623828125,1.0
Run3,8192,8,128,4,1,SHD,10,469.0325546875,465.90787890625,471.50863281249997,1.0564384798041078
Run3,8192,32,64,16,1,DSH,10,2299.97396875,2276.262390625,2309.2487031250002,14.62654347736006
Run3,8192,32,64,16,1,HSD,10,157.2465820315,157.16040234375,157.37256054675,1.0
Run3,8192,32,64,16,1,SHD,10,169.084148438,168.6579589845,169.906494141,1.075280277978498
Run3,8192,32,128,16,1,DSH,10,5246.33325,5174.823,5262.8801875,11.820546421224064
Run3,8192,32,128,16,1,HSD,10,443.831703125,443.35547265625,445.609703125,1.0
Run3,8192,32,128,16,1,SHD,10,686.9049453125,640.14534765625,731.6114921875,1.5476698498012462
Run3,32768,1,64,0,1,DSH,10,2016.4518125,1996.405609375,2026.182296875,3.1609150334865723
Run3,32768,1,64,0,1,HSD,10,637.9329375,636.904296875,641.2015078125,1.0
Run3,32768,1,64,0,1,SHD,10,635.93815625,633.8893359375,640.258140625,0.9968730549361233
Run3,32768,1,128,0,1,DSH,10,4272.3125,4219.2630625,4297.5195625,2.381220403586151
Run3,32768,1,128,0,1,HSD,10,1794.16928125,1785.636046875,1803.294921875,1.0
Run3,32768,1,128,0,1,SHD,10,1808.9674375,1797.883453125,1812.665328125,1.0082479152912984
Run3,32768,8,64,4,1,DSH,10,5548.494875,5538.9713125,5553.6275625,8.668456192477478
Run3,32768,8,64,4,1,HSD,10,640.07878125,637.239578125,643.681640625,1.0
Run3,32768,8,64,4,1,SHD,10,692.268875,690.4095234375,694.7620234375,1.081536984631921
Run3,32768,8,128,4,1,DSH,10,15938.30225,15865.01025,15955.567875,8.817058275038368
Run3,32768,8,128,4,1,HSD,10,1807.66665625,1788.25259375,1811.0331875,1.0
Run3,32768,8,128,4,1,SHD,10,2360.9856875,2353.05275,2382.0130468750003,1.3060957225365095
Run3,32768,32,64,16,1,DSH,10,8803.75525,8671.260437500001,8859.843875,13.657614446384938
Run3,32768,32,64,16,1,HSD,10,644.604171875,641.20084375,646.8951875,1.0
Run3,32768,32,64,16,1,SHD,10,691.21940625,686.355140625,692.1888125,1.0723160606289708
Run3,32768,32,128,16,1,DSH,10,17888.604,17861.385625000003,17933.119875,9.89679062427208
Run3,32768,32,128,16,1,HSD,10,1807.5156562500001,1802.750671875,1810.648453125,1.0
Run3,32768,32,128,16,1,SHD,10,4622.2708125,4583.63025,4668.82678125,2.557250774850653
